case,mu_t,absMa1,absMa2,absMa3,absMe1,absMe2,absMe3,absP11,absP12,absP13,totalEnergy1,totalEnergy2,totalEnergy3,absMa1Normalized,absMa2Normalized,absMa3Normalized,absMe1Normalized,absMe2Normalized,absMe3Normalized,absP11Normalized,absP12Normalized,absP13Normalized
4,2,4.949926e-02,7.507202e-03,2.141432e-03,2.026037e-03,2.945460e-04,5.854473e-04,2.352037e-03,7.629652e-04,8.383230e-04,5.682857e-01,2.649231e-02,1.386306e-02,8.710277e-02,2.833729e-01,1.544704e-01,3.565173e-03,1.111817e-02,4.223073e-02,4.138828e-03,2.879950e-02,6.047170e-02
9,4,3.706007e-02,5.709236e-03,1.422685e-03,2.355417e-03,4.368404e-04,4.924737e-04,3.337171e-03,8.925466e-04,7.699490e-04,4.030970e-01,3.171756e-02,1.534258e-02,9.193835e-02,1.800024e-01,9.272788e-02,5.843301e-03,1.377283e-02,3.209850e-02,8.278828e-03,2.814046e-02,5.018381e-02
14,6,3.155722e-02,4.374854e-03,9.743619e-04,2.617553e-03,4.794891e-04,3.843001e-04,4.040504e-03,8.436329e-04,7.102462e-04,3.241439e-01,2.989845e-02,1.314340e-02,9.735561e-02,1.463238e-01,7.413317e-02,8.075282e-03,1.603726e-02,2.923902e-02,1.246515e-02,2.821661e-02,5.403824e-02
19,8,2.804125e-02,3.355490e-03,6.732554e-04,2.872022e-03,4.726476e-04,2.973178e-04,4.347445e-03,8.659589e-04,7.051133e-04,2.779220e-01,2.598187e-02,1.025967e-02,1.008961e-01,1.291474e-01,6.562155e-02,1.033391e-02,1.819144e-02,2.897928e-02,1.564268e-02,3.332935e-02,6.872671e-02
24,12,2.302593e-02,1.988915e-03,3.191124e-04,3.220667e-03,4.088566e-04,1.723546e-04,4.255157e-03,1.110043e-03,6.907821e-04,2.231778e-01,1.790364e-02,5.594845e-03,1.031730e-01,1.110899e-01,5.703686e-02,1.443095e-02,2.283650e-02,3.080597e-02,1.906622e-02,6.200095e-02,1.234676e-01
29,20,1.613658e-02,7.245885e-04,6.599041e-05,3.590148e-03,2.538268e-04,5.488963e-05,3.798705e-03,1.269117e-03,4.605218e-04,1.630495e-01,7.759093e-03,1.462163e-03,9.896737e-02,9.338573e-02,4.513205e-02,2.201876e-02,3.271347e-02,3.754002e-02,2.329786e-02,1.635651e-01,3.149593e-01
34,30,1.066565e-02,2.143142e-04,7.468700e-06,3.838387e-03,1.285655e-04,1.355145e-05,5.075260e-03,9.351110e-04,1.893794e-04,1.181292e-01,2.701280e-03,2.648548e-04,9.028803e-02,7.933801e-02,2.819922e-02,3.249313e-02,4.759427e-02,5.116557e-02,4.296364e-02,3.461733e-01,7.150310e-01
