case,mu_t,absMa1,absMa2,absMa3,absMe1,absMe2,absMe3,absP11,absP12,absP13,totalEnergy1,totalEnergy2,totalEnergy3,absMa1Normalized,absMa2Normalized,absMa3Normalized,absMe1Normalized,absMe2Normalized,absMe3Normalized,absP11Normalized,absP12Normalized,absP13Normalized
3,2,4.857537e-02,7.809293e-03,2.361132e-03,1.648913e-03,1.895973e-04,3.971332e-04,1.690133e-03,5.010872e-04,6.188398e-04,5.276764e-01,1.609386e-02,7.947103e-03,9.205523e-02,4.852343e-01,2.971060e-01,3.124857e-03,1.178072e-02,4.997207e-02,3.202973e-03,3.113530e-02,7.786986e-02
8,4,3.770544e-02,5.676159e-03,1.493516e-03,1.927430e-03,2.313269e-04,2.850593e-04,1.792598e-03,5.747555e-04,5.338762e-04,3.429498e-01,1.501205e-02,6.430938e-03,1.099445e-01,3.781067e-01,2.322392e-01,5.620152e-03,1.540941e-02,4.432624e-02,5.226998e-03,3.828626e-02,8.301685e-02
13,6,3.311547e-02,3.949532e-03,8.669072e-04,2.127365e-03,2.179886e-04,1.904955e-04,2.010369e-03,5.889548e-04,4.190908e-04,2.538964e-01,1.136700e-02,4.115820e-03,1.304291e-01,3.474560e-01,2.106280e-01,8.378870e-03,1.917733e-02,4.628373e-02,7.918066e-03,5.181270e-02,1.018244e-01
18,8,2.986500e-02,2.696177e-03,4.762166e-04,2.286162e-03,1.877640e-04,1.268212e-04,2.265906e-03,5.816476e-04,3.231729e-04,2.024514e-01,8.198785e-03,2.467982e-03,1.475169e-01,3.288508e-01,1.929579e-01,1.129240e-02,2.290145e-02,5.138657e-02,1.119234e-02,7.094315e-02,1.309462e-01
23,12,2.458326e-02,1.238786e-03,1.304880e-04,2.528440e-03,1.305123e-04,5.504308e-05,2.846802e-03,5.115282e-04,1.825999e-04,1.440761e-01,4.151039e-03,8.465718e-04,1.706269e-01,2.984279e-01,1.541370e-01,1.754934e-02,3.144087e-02,6.501880e-02,1.975902e-02,1.232290e-01,2.156934e-01
28,20,1.664334e-02,2.552857e-04,6.718621e-06,2.771770e-03,5.580367e-05,9.321332e-06,3.937524e-03,2.884407e-04,4.592618e-05,8.774464e-02,1.091572e-03,9.946003e-05,1.896792e-01,2.338697e-01,6.755097e-02,3.158905e-02,5.112229e-02,9.371938e-02,4.487481e-02,2.642433e-01,4.617552e-01
33,30,1.047487e-02,2.843220e-05,4.448356e-07,2.960856e-03,1.803951e-05,9.749224e-07,4.756273e-03,1.039214e-04,5.988029e-06,5.368726e-02,2.208290e-04,7.295109e-06,1.951091e-01,1.287521e-01,6.097724e-02,5.515006e-02,8.168996e-02,1.336406e-01,8.859220e-02,4.705966e-01,8.208279e-01
