case,mu_t,absMa1,absMa2,absMa3,absMe1,absMe2,absMe3,absP11,absP12,absP13,totalEnergy1,totalEnergy2,totalEnergy3,absMa1Normalized,absMa2Normalized,absMa3Normalized,absMe1Normalized,absMe2Normalized,absMe3Normalized,absP11Normalized,absP12Normalized,absP13Normalized
2,2,4.787680e-02,7.892082e-03,2.440013e-03,1.317556e-03,8.554406e-05,1.903997e-04,1.213101e-03,2.492939e-04,3.107045e-04,4.788223e-01,6.733886e-03,3.098460e-03,9.998866e-02,1.171995e+00,7.874922e-01,2.751659e-03,1.270352e-02,6.144978e-02,2.533511e-03,3.702080e-02,1.002771e-01
7,4,3.860770e-02,5.112224e-03,1.272258e-03,1.593596e-03,8.966193e-05,1.184483e-04,1.453747e-03,2.632572e-04,2.162744e-04,2.852183e-01,4.979487e-03,1.860417e-03,1.353620e-01,1.026657e+00,6.838562e-01,5.587286e-03,1.800626e-02,6.366759e-02,5.096963e-03,5.286834e-02,1.162505e-01
12,6,3.423687e-02,3.110396e-03,5.782505e-04,1.794665e-03,7.572460e-05,7.036347e-05,1.742446e-03,2.225371e-04,1.285682e-04,1.965075e-01,3.177501e-03,9.449426e-04,1.742268e-01,9.788811e-01,6.119425e-01,9.132811e-03,2.383149e-02,7.446322e-02,8.867075e-03,7.003525e-02,1.360592e-01
17,8,3.062675e-02,1.862138e-03,2.474434e-04,1.972094e-03,6.067411e-05,4.250157e-05,2.016349e-03,1.749230e-04,7.407977e-05,1.475801e-01,1.994472e-03,4.687430e-04,2.075263e-01,9.336494e-01,5.278871e-01,1.336287e-02,3.042113e-02,9.067138e-02,1.366275e-02,8.770391e-02,1.580392e-01
22,12,2.428218e-02,6.591415e-04,4.061501e-05,2.192658e-03,3.690711e-05,1.530457e-05,2.375215e-03,9.845943e-05,2.413186e-05,9.566505e-02,8.105365e-04,1.180943e-04,2.538250e-01,8.132162e-01,3.439202e-01,2.292016e-02,4.553417e-02,1.295962e-01,2.482846e-02,1.214744e-01,2.043440e-01
27,20,1.511210e-02,7.546103e-05,4.046825e-07,2.417381e-03,1.228042e-05,1.819817e-06,2.646933e-03,2.613480e-05,2.280691e-06,5.126106e-02,1.513923e-04,8.441164e-06,2.948066e-01,4.984471e-01,4.794155e-02,4.715823e-02,8.111654e-02,2.155883e-01,5.163633e-02,1.726297e-01,2.701868e-01
32,30,8.752785e-03,1.900344e-06,6.578841e-08,2.504717e-03,2.898912e-06,1.207623e-07,2.571748e-03,3.849561e-06,7.731144e-08,2.830531e-02,2.156455e-05,3.631908e-07,3.092277e-01,8.812350e-02,1.811401e-01,8.848930e-02,1.344295e-01,3.325037e-01,9.085745e-02,1.785134e-01,2.128673e-01
