case,mu_t,absMa1,absMa2,absMa3,absMe1,absMe2,absMe3,absP11,absP12,absP13,totalEnergy1,totalEnergy2,totalEnergy3,absMa1Normalized,absMa2Normalized,absMa3Normalized,absMe1Normalized,absMe2Normalized,absMe3Normalized,absP11Normalized,absP12Normalized,absP13Normalized
1,2,4.756100e-02,7.750202e-03,2.378124e-03,1.095934e-03,1.802276e-05,4.084794e-05,8.910497e-04,5.486430e-05,6.633274e-05,4.399595e-01,1.297339e-03,5.613869e-04,1.081031e-01,5.973922e+00,4.236159e+00,2.490989e-03,1.389210e-02,7.276255e-02,2.025299e-03,4.228987e-02,1.181587e-01
6,4,3.923235e-02,4.501166e-03,1.030733e-03,1.422311e-03,1.725220e-05,2.322914e-05,1.133417e-03,4.890762e-05,3.789192e-05,2.457601e-01,8.177424e-04,2.752481e-04,1.596367e-01,5.504382e+00,3.744740e+00,5.787393e-03,2.109735e-02,8.439346e-02,4.611882e-03,5.980810e-02,1.376646e-01
11,6,3.458716e-02,2.464908e-03,3.896805e-04,1.665065e-03,1.391774e-05,1.276742e-05,1.325890e-03,3.414230e-05,1.841962e-05,1.611277e-01,4.680347e-04,1.221973e-04,2.146568e-01,5.266506e+00,3.188946e+00,1.033382e-02,2.973655e-02,1.044820e-01,8.228815e-03,7.294822e-02,1.507367e-01
16,8,3.039478e-02,1.336378e-03,1.404725e-04,1.821261e-03,1.056370e-05,7.215598e-06,1.429841e-03,2.204469e-05,8.860030e-06,1.165381e-01,2.711271e-04,5.481828e-05,2.608142e-01,4.928973e+00,2.562512e+00,1.562803e-02,3.896217e-02,1.316276e-01,1.226930e-02,8.130756e-02,1.616255e-01
21,12,2.317253e-02,3.903295e-04,1.691118e-05,2.059919e-03,6.084988e-06,2.345753e-06,1.557933e-03,8.896721e-06,2.167131e-06,7.134761e-02,9.713486e-05,1.173537e-05,3.247835e-01,4.018429e+00,1.441043e+00,2.887158e-02,6.264474e-02,1.998874e-01,2.183581e-02,9.159144e-02,1.846665e-01
26,20,1.345257e-02,2.944314e-05,1.078497e-07,2.266380e-03,1.770128e-06,2.316783e-07,1.538082e-03,1.464496e-06,1.251803e-07,3.563873e-02,1.513079e-05,6.685109e-07,3.774706e-01,1.945908e+00,1.613283e-01,6.359319e-02,1.169884e-01,3.465588e-01,4.315761e-02,9.678909e-02,1.872524e-01
31,30,7.388082e-03,3.005200e-07,5.107061e-09,2.281803e-03,3.539849e-07,1.243545e-08,1.285426e-03,2.141848e-07,3.228939e-09,1.871493e-02,1.822094e-06,2.347790e-08,3.947695e-01,1.649312e-01,2.175263e-01,1.219242e-01,1.942737e-01,5.296663e-01,6.868455e-02,1.175487e-01,1.375310e-01
