case,mu_t,absMa1,absMa2,absMa3,absMe1,absMe2,absMe3,absP11,absP12,absP13,totalEnergy1,totalEnergy2,totalEnergy3,absMa1Normalized,absMa2Normalized,absMa3Normalized,absMe1Normalized,absMe2Normalized,absMe3Normalized,absP11Normalized,absP12Normalized,absP13Normalized
5,2,5.018328e-02,7.229098e-03,1.956521e-03,2.253126e-03,3.686566e-04,7.042171e-04,2.978867e-03,9.931156e-04,9.421330e-04,5.925929e-01,3.390452e-02,1.830018e-02,8.468424e-02,2.132193e-01,1.069126e-01,3.802148e-03,1.087338e-02,3.848142e-02,5.026835e-03,2.929154e-02,5.148216e-02
10,4,3.697425e-02,5.338214e-03,1.182810e-03,2.731232e-03,6.376949e-04,6.712869e-04,5.410398e-03,1.438934e-03,8.127757e-04,4.481524e-01,4.893671e-02,2.551880e-02,8.250375e-02,1.090841e-01,4.635052e-02,6.094428e-03,1.303101e-02,2.630558e-02,1.207267e-02,2.940397e-02,3.185007e-02
15,6,3.055606e-02,4.010225e-03,7.684240e-04,3.171804e-03,8.207863e-04,6.183634e-04,7.697712e-03,1.576531e-03,6.389229e-04,3.901858e-01,5.725304e-02,2.872498e-02,7.831158e-02,7.004387e-02,2.675107e-02,8.128958e-03,1.433612e-02,2.152703e-02,1.972833e-02,2.753620e-02,2.224276e-02
20,8,2.630610e-02,3.057194e-03,5.586173e-04,3.629281e-03,9.571079e-04,5.805936e-04,9.458428e-03,1.543356e-03,5.095965e-04,3.648469e-01,6.253912e-02,3.029805e-02,7.210175e-02,4.888450e-02,1.843740e-02,9.947407e-03,1.530415e-02,1.916274e-02,2.592438e-02,2.467825e-02,1.681945e-02
25,12,2.030863e-02,1.857772e-03,4.378224e-04,4.446984e-03,1.138974e-03,5.361510e-04,1.169523e-02,1.276874e-03,3.739487e-04,3.487121e-01,6.884632e-02,3.153474e-02,5.823896e-02,2.698433e-02,1.388381e-02,1.275260e-02,1.654372e-02,1.700191e-02,3.353835e-02,1.854673e-02,1.185831e-02
30,20,1.234840e-02,8.392486e-04,4.126636e-04,5.617246e-03,1.303452e-03,5.020873e-04,1.328781e-02,7.375556e-04,3.609868e-04,3.515544e-01,7.437165e-02,3.179661e-02,3.512516e-02,1.128452e-02,1.297823e-02,1.597831e-02,1.752620e-02,1.579059e-02,3.779732e-02,9.917161e-03,1.135300e-02
35,30,6.111788e-03,4.993910e-04,3.722814e-04,6.540417e-03,1.354128e-03,4.773902e-04,1.286338e-02,4.779566e-04,3.736882e-04,3.631882e-01,7.686515e-02,3.148417e-02,1.682816e-02,6.496975e-03,1.182440e-02,1.800834e-02,1.761694e-02,1.516286e-02,3.541796e-02,6.218117e-03,1.186908e-02
