case,mu_t,absMa1,absMa2,absMa3,absMe1,absMe2,absMe3,absP11,absP12,absP13,totalEnergy1,totalEnergy2,totalEnergy3,absMa1Normalized,absMa2Normalized,absMa3Normalized,absMe1Normalized,absMe2Normalized,absMe3Normalized,absP11Normalized,absP12Normalized,absP13Normalized
4,2,5.914246e-02,5.045402e-02,3.460295e-02,2.565387e-02,2.388415e-02,2.034775e-02,3.294312e-02,2.934326e-02,2.402104e-02,7.460153e-01,6.842290e-01,5.860852e-01,7.927781e-02,7.373850e-02,5.904082e-02,3.438786e-02,3.490666e-02,3.471807e-02,4.415877e-02,4.288515e-02,4.098558e-02
9,4,5.116960e-02,4.481691e-02,3.101795e-02,2.149382e-02,2.008735e-02,1.718437e-02,2.916971e-02,2.614453e-02,2.089970e-02,6.704459e-01,6.060886e-01,5.043157e-01,7.632175e-02,7.394448e-02,6.150502e-02,3.205900e-02,3.314259e-02,3.407463e-02,4.350792e-02,4.313649e-02,4.144169e-02
14,6,4.541852e-02,4.079527e-02,2.935556e-02,1.846926e-02,1.728014e-02,1.488972e-02,2.405805e-02,2.206106e-02,1.777227e-02,5.770624e-01,5.222609e-01,4.297814e-01,7.870642e-02,7.811283e-02,6.830346e-02,3.200566e-02,3.308719e-02,3.464486e-02,4.169055e-02,4.224145e-02,4.135188e-02
19,8,4.029731e-02,3.720092e-02,2.812634e-02,1.608486e-02,1.511248e-02,1.303495e-02,1.951365e-02,1.841489e-02,1.513012e-02,4.901958e-01,4.467856e-01,3.673324e-01,8.220656e-02,8.326349e-02,7.656918e-02,3.281314e-02,3.382490e-02,3.548544e-02,3.980787e-02,4.121639e-02,4.118918e-02
24,12,3.260702e-02,3.127050e-02,2.563350e-02,1.208405e-02,1.160109e-02,1.025092e-02,1.310501e-02,1.293189e-02,1.136905e-02,3.524743e-01,3.288664e-01,2.754422e-01,9.250894e-02,9.508572e-02,9.306308e-02,3.428349e-02,3.527600e-02,3.721621e-02,3.718005e-02,3.932264e-02,4.127565e-02
29,20,2.307309e-02,2.289636e-02,2.078005e-02,7.386959e-03,7.254074e-03,6.716716e-03,8.233826e-03,7.842625e-03,7.134053e-03,2.010801e-01,1.950493e-01,1.724382e-01,1.147457e-01,1.173876e-01,1.205072e-01,3.673640e-02,3.719098e-02,3.895143e-02,4.094798e-02,4.020843e-02,4.137165e-02
34,30,1.667708e-02,1.664398e-02,1.598783e-02,5.467477e-03,3.239172e-02,3.148269e-02,5.930911e-03,5.589777e-03,4.740432e-03,1.181151e-01,1.171751e-01,1.091845e-01,1.411935e-01,1.420437e-01,1.464295e-01,4.628939e-02,2.764387e-01,2.883440e-01,5.021297e-02,4.770450e-02,4.341672e-02
