case,mu_t,absMa1,absMa2,absMa3,absMe1,absMe2,absMe3,absP11,absP12,absP13,totalEnergy1,totalEnergy2,totalEnergy3,absMa1Normalized,absMa2Normalized,absMa3Normalized,absMe1Normalized,absMe2Normalized,absMe3Normalized,absP11Normalized,absP12Normalized,absP13Normalized
3,2,6.705953e-02,5.769200e-02,3.893440e-02,2.252046e-02,2.066458e-02,1.798685e-02,2.646854e-02,2.357020e-02,2.004425e-02,6.013732e-01,5.562369e-01,4.840055e-01,1.115107e-01,1.037184e-01,8.044207e-02,3.744840e-02,3.715068e-02,3.716249e-02,4.401350e-02,4.237439e-02,4.141328e-02
8,4,5.850285e-02,5.263420e-02,3.827165e-02,1.580682e-02,1.496889e-02,1.301981e-02,1.888362e-02,1.743627e-02,1.460242e-02,4.408660e-01,4.081689e-01,3.507102e-01,1.326998e-01,1.289520e-01,1.091262e-01,3.585403e-02,3.667328e-02,3.712414e-02,4.283302e-02,4.271826e-02,4.163672e-02
13,6,4.932442e-02,4.621054e-02,3.633912e-02,1.172348e-02,1.127241e-02,9.900947e-03,1.348520e-02,1.287056e-02,1.087443e-02,3.252887e-01,3.050509e-01,2.633115e-01,1.516328e-01,1.514847e-01,1.380081e-01,3.604022e-02,3.695255e-02,3.760164e-02,4.145609e-02,4.219153e-02,4.129872e-02
18,8,4.190527e-02,4.041383e-02,3.377377e-02,8.865444e-03,8.604570e-03,7.705881e-03,9.793578e-03,9.575911e-03,8.273343e-03,2.464906e-01,2.344210e-01,2.053326e-01,1.700076e-01,1.723985e-01,1.644832e-01,3.596667e-02,3.670562e-02,3.752877e-02,3.973206e-02,4.084920e-02,4.029239e-02
23,12,3.173295e-02,3.143271e-02,2.851889e-02,5.368239e-03,5.296046e-03,4.852502e-03,5.646845e-03,5.629983e-03,4.999696e-03,1.548788e-01,1.508581e-01,1.364784e-01,2.048889e-01,2.083594e-01,2.089627e-01,3.466090e-02,3.510613e-02,3.555510e-02,3.645976e-02,3.731972e-02,3.663362e-02
28,20,2.076833e-02,2.074683e-02,2.018468e-02,2.102546e-03,2.117353e-03,2.011276e-03,2.481126e-03,2.444463e-03,2.166103e-03,7.801875e-02,7.763576e-02,7.379283e-02,2.661966e-01,2.672329e-01,2.735317e-01,2.694923e-02,2.727291e-02,2.725571e-02,3.180166e-02,3.148630e-02,2.935384e-02
33,30,1.375747e-02,1.373992e-02,1.367885e-02,4.156762e-04,4.269664e-04,4.178134e-04,1.668597e-03,1.643995e-03,1.500540e-03,4.178060e-02,4.179538e-02,4.093323e-02,3.292790e-01,3.287425e-01,3.341746e-01,9.949025e-03,1.021564e-02,1.020720e-02,3.993713e-02,3.933438e-02,3.665823e-02
