case,mu_t,absMa1,absMa2,absMa3,absMe1,absMe2,absMe3,absP11,absP12,absP13,totalEnergy1,totalEnergy2,totalEnergy3,absMa1Normalized,absMa2Normalized,absMa3Normalized,absMe1Normalized,absMe2Normalized,absMe3Normalized,absP11Normalized,absP12Normalized,absP13Normalized
2,2,7.368979e-02,6.443933e-02,4.477381e-02,1.931936e-02,1.752100e-02,1.523772e-02,2.085589e-02,1.862054e-02,1.606003e-02,4.627392e-01,4.329211e-01,3.823536e-01,1.592469e-01,1.488477e-01,1.171005e-01,4.175001e-02,4.047158e-02,3.985243e-02,4.507052e-02,4.301140e-02,4.200308e-02
7,4,6.022351e-02,5.594130e-02,4.343052e-02,1.176467e-02,1.114666e-02,9.660882e-03,1.278181e-02,1.197125e-02,1.018975e-02,2.884617e-01,2.729705e-01,2.418634e-01,2.087747e-01,2.049353e-01,1.795663e-01,4.078417e-02,4.083465e-02,3.994355e-02,4.431024e-02,4.385548e-02,4.213020e-02
12,6,4.832618e-02,4.668562e-02,3.941081e-02,7.547643e-03,7.308365e-03,6.458823e-03,8.127007e-03,7.852295e-03,6.769363e-03,1.932619e-01,1.859926e-01,1.674192e-01,2.500554e-01,2.510080e-01,2.354019e-01,3.905397e-02,3.929385e-02,3.857874e-02,4.205179e-02,4.221832e-02,4.043360e-02
17,8,3.969309e-02,3.918106e-02,3.501538e-02,5.101102e-03,4.971457e-03,4.462262e-03,5.441356e-03,5.347384e-03,4.670535e-03,1.391883e-01,1.352906e-01,1.239544e-01,2.851755e-01,2.896067e-01,2.824860e-01,3.664893e-02,3.674651e-02,3.599922e-02,3.909349e-02,3.952517e-02,3.767946e-02
22,12,2.895367e-02,2.884265e-02,2.752080e-02,2.202855e-03,2.238557e-03,2.059018e-03,2.382658e-03,2.449573e-03,2.200288e-03,8.216197e-02,8.138766e-02,7.667818e-02,3.523975e-01,3.543860e-01,3.589131e-01,2.681113e-02,2.750487e-02,2.685273e-02,2.899952e-02,3.009760e-02,2.869511e-02
27,20,1.766098e-02,1.765731e-02,1.750100e-02,2.398236e-04,2.452471e-04,3.453992e-04,2.976400e-04,2.997729e-04,3.385748e-04,3.857682e-02,3.855604e-02,3.768955e-02,4.578133e-01,4.579647e-01,4.643462e-01,6.216779e-03,6.360797e-03,9.164323e-03,7.715514e-03,7.774991e-03,8.983255e-03
32,30,1.076604e-02,1.074329e-02,1.074825e-02,5.294291e-03,7.768359e-03,7.742238e-03,4.782922e-04,4.557434e-04,4.594373e-04,1.923975e-02,1.927613e-02,1.913347e-02,5.595728e-01,5.573367e-01,5.617512e-01,2.751746e-01,4.030042e-01,4.046436e-01,2.485958e-02,2.364289e-02,2.401222e-02
