case,mu_t,absMa1,absMa2,absMa3,absMe1,absMe2,absMe3,absP11,absP12,absP13,totalEnergy1,totalEnergy2,totalEnergy3,absMa1Normalized,absMa2Normalized,absMa3Normalized,absMe1Normalized,absMe2Normalized,absMe3Normalized,absP11Normalized,absP12Normalized,absP13Normalized
5,2,5.334058e-02,4.602612e-02,3.253154e-02,2.807035e-02,2.596780e-02,2.224299e-02,3.817710e-02,3.354659e-02,2.725365e-02,8.495687e-01,7.718853e-01,6.570195e-01,6.278548e-02,5.962818e-02,4.951381e-02,3.304071e-02,3.364204e-02,3.385439e-02,4.493704e-02,4.346059e-02,4.148074e-02
10,4,4.180041e-02,3.661000e-02,2.649010e-02,2.689163e-02,2.489855e-02,2.107674e-02,4.113513e-02,3.586962e-02,2.747355e-02,8.973578e-01,7.984256e-01,6.517393e-01,4.658165e-02,4.585273e-02,4.064524e-02,2.996757e-02,3.118456e-02,3.233922e-02,4.584028e-02,4.492544e-02,4.215420e-02
15,6,3.419893e-02,3.040963e-02,2.278493e-02,2.727162e-02,2.483512e-02,2.053605e-02,4.246031e-02,3.674882e-02,2.699539e-02,9.302367e-01,8.164189e-01,6.454940e-01,3.676368e-02,3.724758e-02,3.529844e-02,2.931686e-02,3.041958e-02,3.181447e-02,4.564462e-02,4.501221e-02,4.182129e-02
20,8,2.903206e-02,2.606573e-02,1.998188e-02,2.773441e-02,2.508901e-02,2.042448e-02,4.265642e-02,3.694793e-02,2.662868e-02,9.535635e-01,8.298759e-01,6.412326e-01,3.044586e-02,3.140919e-02,3.116167e-02,2.908502e-02,3.023224e-02,3.185191e-02,4.473370e-02,4.452224e-02,4.152733e-02
25,12,2.230884e-02,2.050113e-02,1.624862e-02,2.868849e-02,2.562196e-02,2.053260e-02,4.208799e-02,3.647615e-02,2.603066e-02,9.837477e-01,8.471310e-01,6.365618e-01,2.267740e-02,2.420066e-02,2.552560e-02,2.916245e-02,3.024557e-02,3.225547e-02,4.278332e-02,4.305846e-02,4.089258e-02
30,20,1.566829e-02,1.457595e-02,1.196777e-02,2.990312e-02,2.655911e-02,2.085576e-02,4.018289e-02,3.516658e-02,2.524843e-02,1.013752e+00,8.650780e-01,6.312321e-01,1.545575e-02,1.684929e-02,1.895939e-02,2.949748e-02,3.070141e-02,3.303977e-02,3.963781e-02,4.065134e-02,3.999865e-02
35,30,1.189809e-02,1.113393e-02,9.178473e-03,3.072229e-02,2.719411e-02,2.124510e-02,3.831783e-02,3.372177e-02,2.468129e-02,1.030829e+00,8.761053e-01,6.292209e-01,1.154226e-02,1.270844e-02,1.458704e-02,2.980349e-02,3.103977e-02,3.376414e-02,3.717188e-02,3.849055e-02,3.922515e-02
