case,mu_t,absMa1,absMa2,absMa3,absMe1,absMe2,absMe3,absP11,absP12,absP13,totalEnergy1,totalEnergy2,totalEnergy3,absMa1Normalized,absMa2Normalized,absMa3Normalized,absMe1Normalized,absMe2Normalized,absMe3Normalized,absP11Normalized,absP12Normalized,absP13Normalized
1,2,7.690041e-02,6.814707e-02,4.886917e-02,1.725317e-02,1.541252e-02,1.343585e-02,1.757741e-02,1.568740e-02,1.365707e-02,3.743460e-01,3.536456e-01,3.163945e-01,2.054260e-01,1.926988e-01,1.544564e-01,4.608884e-02,4.358183e-02,4.246550e-02,4.695498e-02,4.435909e-02,4.316467e-02
6,4,5.939815e-02,5.630025e-02,4.549244e-02,9.385119e-03,8.931466e-03,7.729264e-03,9.717276e-03,9.240818e-03,8.002353e-03,2.121213e-01,2.034531e-01,1.845819e-01,2.800198e-01,2.767235e-01,2.464621e-01,4.424412e-02,4.389938e-02,4.187444e-02,4.581000e-02,4.541989e-02,4.335395e-02
11,6,4.620991e-02,4.517426e-02,3.977241e-02,5.593550e-03,5.476001e-03,4.708605e-03,5.961086e-03,5.831543e-03,5.039518e-03,1.360761e-01,1.329649e-01,1.223689e-01,3.395888e-01,3.397458e-01,3.250206e-01,4.110604e-02,4.118381e-02,3.847877e-02,4.380701e-02,4.385777e-02,4.118300e-02
16,8,3.725218e-02,3.716747e-02,3.430796e-02,3.430787e-03,3.240911e-03,2.979281e-03,3.875083e-03,3.655036e-03,3.357083e-03,9.591937e-02,9.378889e-02,8.798917e-02,3.883697e-01,3.962886e-01,3.899111e-01,3.576740e-02,3.455538e-02,3.385963e-02,4.039938e-02,3.897089e-02,3.815337e-02
21,12,2.637508e-02,2.643908e-02,2.575372e-02,1.032595e-03,9.656684e-04,1.024977e-03,1.633243e-03,1.542010e-03,1.424109e-03,5.490284e-02,5.446896e-02,5.215419e-02,4.803956e-01,4.853972e-01,4.937996e-01,1.880767e-02,1.772878e-02,1.965283e-02,2.974787e-02,2.830989e-02,2.730575e-02
26,20,1.528320e-02,1.533126e-02,1.526005e-02,8.953167e-04,9.402442e-04,9.618816e-04,5.718433e-04,5.646878e-04,5.681654e-04,2.462213e-02,2.453320e-02,2.431167e-02,6.207101e-01,6.249191e-01,6.276840e-01,3.636228e-02,3.832538e-02,3.956460e-02,2.322477e-02,2.301729e-02,2.337007e-02
31,30,8.802172e-03,8.784022e-03,8.810954e-03,1.343059e-03,1.329995e-03,1.351185e-03,5.942710e-04,5.759147e-04,5.867815e-04,1.175385e-02,1.174906e-02,1.170783e-02,7.488759e-01,7.476359e-01,7.525694e-01,1.142655e-01,1.132000e-01,1.154087e-01,5.055971e-02,4.901792e-02,5.011873e-02
