case,mu_t,absMa1,absMa2,absMa3,absMe1,absMe2,absMe3,totalEnergy1,totalEnergy2,totalEnergy3,absMa1Normalized,absMe1Normalized,absMa2Normalized,absMe2Normalized,absMa3Normalized,absMe3Normalized
5,2,1.036276e-01,9.362723e-02,7.623699e-02,3.159212e-03,1.486734e-03,1.595098e-03,1.090762e+00,1.031777e+00,9.393561e-01,9.500479e-02,2.896335e-03,9.074370e-02,1.440945e-03,8.115878e-02,1.698076e-03
10,4,8.049962e-02,7.366492e-02,6.028980e-02,3.589038e-03,2.355164e-03,1.995448e-03,1.142746e+00,1.042074e+00,8.913436e-01,7.044400e-02,3.140713e-03,7.069068e-02,2.260074e-03,6.763923e-02,2.238697e-03
15,6,6.487446e-02,6.023914e-02,4.994679e-02,3.856785e-03,2.870450e-03,2.065724e-03,1.179627e+00,1.051557e+00,8.617313e-01,5.499574e-02,3.269496e-03,5.728565e-02,2.729713e-03,5.796098e-02,2.397179e-03
20,8,5.369069e-02,5.053772e-02,4.274554e-02,4.007754e-03,3.138522e-03,2.111445e-03,1.208006e+00,1.062807e+00,8.447093e-01,4.444570e-02,3.317660e-03,4.755115e-02,2.953048e-03,5.060384e-02,2.499611e-03
25,12,3.890072e-02,3.743264e-02,3.281780e-02,4.337491e-03,3.475196e-03,2.131352e-03,1.249292e+00,1.082840e+00,8.284376e-01,3.113820e-02,3.471958e-03,3.456894e-02,3.209333e-03,3.961409e-02,2.572737e-03
30,20,2.369637e-02,2.334608e-02,2.164760e-02,4.922036e-03,4.067421e-03,2.412146e-03,1.296200e+00,1.109336e+00,8.180014e-01,1.828140e-02,3.797280e-03,2.104509e-02,3.666536e-03,2.646401e-02,2.948829e-03
35,30,1.459851e-02,1.464023e-02,1.430541e-02,5.078162e-03,4.241539e-03,2.579412e-03,1.324918e+00,1.128080e+00,8.148774e-01,1.101843e-02,3.832813e-03,1.297801e-02,3.759962e-03,1.755529e-02,3.165398e-03
