case,mu_t,absMa1,absMa2,absMa3,absMe1,absMe2,absMe3,absP11,absP12,absP13,totalEnergy1,totalEnergy2,totalEnergy3,absMa1Normalized,absMa2Normalized,absMa3Normalized,absMe1Normalized,absMe2Normalized,absMe3Normalized,absP11Normalized,absP12Normalized,absP13Normalized
2,2,1.164217e-01,1.037711e-01,7.843996e-02,1.557364e-03,9.325732e-04,1.103136e-03,3.451466e-03,2.793433e-03,2.467218e-03,5.722857e-01,5.637768e-01,5.469011e-01,2.034329e-01,1.840642e-01,1.434262e-01,2.721305e-03,1.654153e-03,2.017066e-03,6.031019e-03,4.954857e-03,4.511270e-03
7,4,9.108864e-02,8.488101e-02,6.739932e-02,1.808785e-03,1.516194e-03,1.286791e-03,3.204749e-03,2.769014e-03,2.434706e-03,3.488650e-01,3.432224e-01,3.315405e-01,2.611000e-01,2.473061e-01,2.032913e-01,5.184770e-03,4.417527e-03,3.881247e-03,9.186214e-03,8.067696e-03,7.343615e-03
12,6,7.113056e-02,6.853095e-02,5.820160e-02,1.898964e-03,1.666330e-03,1.630381e-03,3.065030e-03,2.813262e-03,2.425928e-03,2.353801e-01,2.326803e-01,2.247219e-01,3.021944e-01,2.945284e-01,2.589939e-01,8.067649e-03,7.161458e-03,7.255105e-03,1.302162e-02,1.209068e-02,1.079524e-02
17,8,5.727297e-02,5.640736e-02,5.015704e-02,1.951633e-03,1.981559e-03,1.791699e-03,2.927369e-03,2.870710e-03,2.481937e-03,1.719680e-01,1.699545e-01,1.655766e-01,3.330443e-01,3.318969e-01,3.029235e-01,1.134882e-02,1.165935e-02,1.082097e-02,1.702275e-02,1.689105e-02,1.498966e-02
22,12,4.009049e-02,3.994661e-02,3.773595e-02,2.174965e-03,2.150154e-03,2.056064e-03,2.863663e-03,2.820226e-03,2.618287e-03,1.059198e-01,1.055129e-01,1.036717e-01,3.784984e-01,3.785946e-01,3.639947e-01,2.053406e-02,2.037812e-02,1.983246e-02,2.703614e-02,2.672874e-02,2.525556e-02
27,20,2.290380e-02,2.294471e-02,2.266338e-02,2.380459e-03,2.396946e-03,2.380570e-03,2.764450e-03,2.770185e-03,2.733585e-03,5.369278e-02,5.366689e-02,5.322364e-02,4.265714e-01,4.275393e-01,4.258141e-01,4.433480e-02,4.466341e-02,4.472767e-02,5.148643e-02,5.161814e-02,5.136035e-02
32,30,1.313241e-02,1.314340e-02,1.311546e-02,2.484362e-03,2.488221e-03,2.475526e-03,2.575397e-03,2.579326e-03,2.564601e-03,2.884685e-02,2.884326e-02,2.877188e-02,4.552458e-01,4.556835e-01,4.558429e-01,8.612246e-02,8.626697e-02,8.603976e-02,8.927826e-02,8.942559e-02,8.913568e-02
