case,mu_t,absMa1,absMa2,absMa3,absMe1,absMe2,absMe3,totalEnergy1,totalEnergy2,totalEnergy3,absMa1Normalized,absMe1Normalized,absMa2Normalized,absMe2Normalized,absMa3Normalized,absMe3Normalized
3,2,1.121461e-01,9.988979e-02,7.589413e-02,1.946614e-03,1.130102e-03,9.969035e-04,7.570159e-01,7.309264e-01,6.910288e-01,1.481423e-01,2.571430e-03,1.366619e-01,1.546122e-03,1.098277e-01,1.442637e-03
8,4,9.215305e-02,8.400002e-02,6.460086e-02,2.157771e-03,1.627491e-03,1.396890e-03,5.425762e-01,5.196435e-01,4.795799e-01,1.698435e-01,3.976899e-03,1.616493e-01,3.131938e-03,1.347030e-01,2.912736e-03
13,6,7.558357e-02,7.101518e-02,5.713555e-02,2.346308e-03,1.934857e-03,1.623195e-03,3.972231e-01,3.819489e-01,3.510970e-01,1.902799e-01,5.906777e-03,1.859285e-01,5.065747e-03,1.627344e-01,4.623209e-03
18,8,6.267748e-02,6.051721e-02,5.088845e-02,2.299301e-03,2.212067e-03,1.840893e-03,3.022132e-01,2.925089e-01,2.705162e-01,2.073950e-01,7.608208e-03,2.068902e-01,7.562393e-03,1.881161e-01,6.805114e-03
23,12,4.568786e-02,4.509349e-02,4.066416e-02,2.498673e-03,2.364691e-03,2.130841e-03,1.937578e-01,1.908483e-01,1.796213e-01,2.357988e-01,1.289586e-02,2.362793e-01,1.239043e-02,2.263883e-01,1.186296e-02
28,20,2.794699e-02,2.790594e-02,2.690672e-02,2.709397e-03,2.685785e-03,2.544927e-03,1.026548e-01,1.022792e-01,9.933333e-02,2.722425e-01,2.639329e-02,2.728407e-01,2.625933e-02,2.708731e-01,2.562007e-02
33,30,1.724750e-02,1.726570e-02,1.710367e-02,2.899610e-03,2.925518e-03,2.855421e-03,5.782774e-02,5.772117e-02,5.710696e-02,2.982565e-01,5.014220e-02,2.991226e-01,5.068362e-02,2.995023e-01,5.000127e-02
