case,mu_t,absMa1,absMa2,absMa3,absMe1,absMe2,absMe3,totalEnergy1,totalEnergy2,totalEnergy3,absMa1Normalized,absMe1Normalized,absMa2Normalized,absMe2Normalized,absMa3Normalized,absMe3Normalized
2,2,1.164217e-01,1.037711e-01,7.843996e-02,1.557364e-03,9.325732e-04,1.103136e-03,5.722857e-01,5.637768e-01,5.469011e-01,2.034329e-01,2.721305e-03,1.840642e-01,1.654153e-03,1.434262e-01,2.017066e-03
7,4,9.108864e-02,8.488101e-02,6.739932e-02,1.808785e-03,1.516194e-03,1.286791e-03,3.488650e-01,3.432224e-01,3.315405e-01,2.611000e-01,5.184770e-03,2.473061e-01,4.417527e-03,2.032913e-01,3.881247e-03
12,6,7.113056e-02,6.853095e-02,5.820160e-02,1.898964e-03,1.666330e-03,1.630381e-03,2.353801e-01,2.326803e-01,2.247219e-01,3.021944e-01,8.067649e-03,2.945284e-01,7.161458e-03,2.589939e-01,7.255105e-03
17,8,5.727297e-02,5.640736e-02,5.015704e-02,1.951633e-03,1.981559e-03,1.791699e-03,1.719680e-01,1.699545e-01,1.655766e-01,3.330443e-01,1.134882e-02,3.318969e-01,1.165935e-02,3.029235e-01,1.082097e-02
22,12,4.009049e-02,3.994661e-02,3.773595e-02,2.174965e-03,2.150154e-03,2.056064e-03,1.059198e-01,1.055129e-01,1.036717e-01,3.784984e-01,2.053406e-02,3.785946e-01,2.037812e-02,3.639947e-01,1.983246e-02
27,20,2.290380e-02,2.294471e-02,2.266338e-02,2.380459e-03,2.396946e-03,2.380570e-03,5.369278e-02,5.366689e-02,5.322364e-02,4.265714e-01,4.433480e-02,4.275393e-01,4.466341e-02,4.258141e-01,4.472767e-02
32,30,1.313241e-02,1.314340e-02,1.311546e-02,2.484362e-03,2.488221e-03,2.475526e-03,2.884685e-02,2.884326e-02,2.877188e-02,4.552458e-01,8.612246e-02,4.556835e-01,8.626697e-02,4.558429e-01,8.603976e-02
