case,mu_t,absMa1,absMa2,absMa3,absMe1,absMe2,absMe3,absP11,absP12,absP13,totalEnergy1,totalEnergy2,totalEnergy3,absMa1Normalized,absMa2Normalized,absMa3Normalized,absMe1Normalized,absMe2Normalized,absMe3Normalized,absP11Normalized,absP12Normalized,absP13Normalized
5,2,1.036276e-01,9.362723e-02,7.623699e-02,3.159212e-03,1.486734e-03,1.595098e-03,1.592504e-02,1.408887e-02,1.146819e-02,1.090762e+00,1.031777e+00,9.393561e-01,9.500479e-02,9.074370e-02,8.115878e-02,2.896335e-03,1.440945e-03,1.698076e-03,1.459992e-02,1.365496e-02,1.220857e-02
10,4,8.049962e-02,7.366492e-02,6.028980e-02,3.589038e-03,2.355164e-03,1.995448e-03,2.280359e-02,1.918785e-02,1.399198e-02,1.142746e+00,1.042074e+00,8.913436e-01,7.044400e-02,7.069068e-02,6.763923e-02,3.140713e-03,2.260074e-03,2.238697e-03,1.995508e-02,1.841313e-02,1.569763e-02
15,6,6.487446e-02,6.023914e-02,4.994679e-02,3.856785e-03,2.870450e-03,2.065724e-03,2.612340e-02,2.151640e-02,1.478187e-02,1.179627e+00,1.051557e+00,8.617313e-01,5.499574e-02,5.728565e-02,5.796098e-02,3.269496e-03,2.729713e-03,2.397179e-03,2.214548e-02,2.046147e-02,1.715368e-02
20,8,5.369069e-02,5.053772e-02,4.274554e-02,4.007754e-03,3.138522e-03,2.111445e-03,2.745459e-02,2.264068e-02,1.500559e-02,1.208006e+00,1.062807e+00,8.447093e-01,4.444570e-02,4.755115e-02,5.060384e-02,3.317660e-03,2.953048e-03,2.499611e-03,2.272719e-02,2.130271e-02,1.776421e-02
25,12,3.890072e-02,3.743264e-02,3.281780e-02,4.337491e-03,3.475196e-03,2.131352e-03,2.776197e-02,2.317132e-02,1.505095e-02,1.249292e+00,1.082840e+00,8.284376e-01,3.113820e-02,3.456894e-02,3.961409e-02,3.471958e-03,3.209333e-03,2.572737e-03,2.222216e-02,2.139864e-02,1.816787e-02
30,20,2.369637e-02,2.334608e-02,2.164760e-02,4.922036e-03,4.067421e-03,2.412146e-03,2.559435e-02,2.186279e-02,1.446937e-02,1.296200e+00,1.109336e+00,8.180014e-01,1.828140e-02,2.104509e-02,2.646401e-02,3.797280e-03,3.666536e-03,2.948829e-03,1.974568e-02,1.970800e-02,1.768869e-02
35,30,1.459851e-02,1.464023e-02,1.430541e-02,5.078162e-03,4.241539e-03,2.579412e-03,2.266322e-02,1.975271e-02,1.347771e-02,1.324918e+00,1.128080e+00,8.148774e-01,1.101843e-02,1.297801e-02,1.755529e-02,3.832813e-03,3.759962e-03,3.165398e-03,1.710538e-02,1.751003e-02,1.653955e-02
