case,mu_t,absMa1,absMa2,absMa3,absMe1,absMe2,absMe3,totalEnergy1,totalEnergy2,totalEnergy3,absMa1Normalized,absMe1Normalized,absMa2Normalized,absMe2Normalized,absMa3Normalized,absMe3Normalized
1,2,1.179650e-01,1.060458e-01,8.027098e-02,1.726595e-03,1.478822e-03,1.416694e-03,4.561875e-01,4.541857e-01,4.521652e-01,2.585889e-01,3.784836e-03,2.334856e-01,3.255986e-03,1.775258e-01,3.133133e-03
6,4,8.748187e-02,8.298150e-02,6.795648e-02,1.610666e-03,1.411213e-03,1.292536e-03,2.551079e-01,2.556921e-01,2.541281e-01,3.429211e-01,6.313667e-03,3.245368e-01,5.519190e-03,2.674103e-01,5.086160e-03
11,6,6.658219e-02,6.507818e-02,5.704427e-02,1.794076e-03,1.724457e-03,1.654122e-03,1.664719e-01,1.662688e-01,1.654197e-01,3.999606e-01,1.077705e-02,3.914036e-01,1.037150e-02,3.448457e-01,9.999546e-03
16,8,5.268665e-02,5.220582e-02,4.806077e-02,1.870568e-03,1.825938e-03,1.919404e-03,1.197373e-01,1.197328e-01,1.186205e-01,4.400189e-01,1.562228e-02,4.360195e-01,1.525011e-02,4.051642e-01,1.618105e-02
21,12,3.584488e-02,3.576880e-02,3.459826e-02,2.043333e-03,2.019017e-03,2.080255e-03,7.270425e-02,7.270194e-02,7.223809e-02,4.930231e-01,2.810472e-02,4.919924e-01,2.777116e-02,4.789476e-01,2.879720e-02
26,20,1.952448e-02,1.949436e-02,1.943556e-02,2.270432e-03,2.240262e-03,2.268802e-03,3.582962e-02,3.594371e-02,3.584991e-02,5.449256e-01,6.336746e-02,5.423581e-01,6.232697e-02,5.421370e-01,6.328614e-02
31,30,1.060519e-02,1.063419e-02,1.061353e-02,2.261844e-03,2.280603e-03,2.257625e-03,1.877540e-02,1.876703e-02,1.880807e-02,5.648450e-01,1.204685e-01,5.666422e-01,1.215217e-01,5.643072e-01,1.200349e-01
