case,min,it,   opticalDepth
2,18.616666666666667,505,2
7,17.25,470,4
12,15.666666666666666,424,6
17,14.75,401,8
22,14.783333333333333,401,12
27,14.75,401,20
32,14.8,401,30
