case,min,it,   opticalDepth
3,22.9,621,2
8,23.116666666666667,627,4
13,21.566666666666666,588,6
18,19.883333333333333,541,8
23,16.8,458,12
28,14.8,401,20
33,14.75,401,30
