case,mu_t,absMa1,absMa2,absMa3,absMe1,absMe2,absMe3,totalEnergy1,totalEnergy2,totalEnergy3,absMa1Normalized,absMe1Normalized,absMa2Normalized,absMe2Normalized,absMa3Normalized,absMe3Normalized
2,2,2.596513e-02,3.768392e-03,9.876102e-04,1.020730e-02,2.532803e-03,1.965228e-03,1.642717e-01,2.134069e-02,9.820652e-03,1.580621e-01,6.213666e-02,1.765825e-01,1.186842e-01,1.005646e-01,2.001117e-01
7,4,2.486339e-02,2.480878e-03,5.308653e-04,7.650860e-03,1.520191e-03,8.361973e-04,1.245153e-01,1.261907e-02,4.742710e-03,1.996815e-01,6.144515e-02,1.965976e-01,1.204677e-01,1.119329e-01,1.763121e-01
12,6,2.287094e-02,1.454586e-03,2.198883e-04,5.746926e-03,9.624230e-04,3.725402e-04,9.955028e-02,7.615836e-03,2.291981e-03,2.297426e-01,5.772887e-02,1.909949e-01,1.263713e-01,9.593809e-02,1.625407e-01
17,8,2.069071e-02,8.180572e-04,7.925136e-05,4.326276e-03,6.272029e-04,1.712035e-04,8.194136e-02,4.706320e-03,1.121825e-03,2.525063e-01,5.279722e-02,1.738210e-01,1.332682e-01,7.064501e-02,1.526115e-01
22,12,1.654831e-02,2.381351e-04,1.359623e-05,2.476810e-03,2.757568e-04,3.826547e-05,5.850094e-02,1.892651e-03,2.811873e-04,2.828726e-01,4.233795e-02,1.258209e-01,1.456987e-01,4.835294e-02,1.360854e-01
27,20,1.054738e-02,1.457965e-05,2.819502e-06,1.089485e-03,5.637338e-05,2.176369e-06,3.315071e-02,3.514241e-04,2.010725e-05,3.181645e-01,3.286459e-02,4.148732e-02,1.604141e-01,1.402232e-01,1.082381e-01
32,30,6.406364e-03,8.509411e-06,1.932585e-07,1.118344e-03,7.987525e-06,7.472887e-08,1.812131e-02,5.007560e-05,8.711082e-07,3.535265e-01,6.171428e-02,1.699313e-01,1.595093e-01,2.218536e-01,8.578598e-02
