case,mu_t,absMa1,absMa2,absMa3,absMe1,absMe2,absMe3,absP11,absP12,absP13,totalEnergy1,totalEnergy2,totalEnergy3,absMa1Normalized,absMa2Normalized,absMa3Normalized,absMe1Normalized,absMe2Normalized,absMe3Normalized,absP11Normalized,absP12Normalized,absP13Normalized
5,2,2.213767e-02,2.870201e-03,6.960777e-04,1.129443e-02,2.839170e-03,2.216263e-03,4.694682e-02,6.264660e-02,5.848531e-02,2.143693e-01,4.295474e-02,2.317320e-02,1.032689e-01,6.681920e-02,3.003805e-02,5.268677e-02,6.609676e-02,9.563908e-02,2.189997e-01,1.458433e+00,2.523834e+00
10,4,1.939732e-02,2.061863e-03,6.480925e-04,9.545172e-03,1.930493e-03,1.068420e-03,4.917582e-02,6.631948e-02,6.113022e-02,2.118025e-01,4.820453e-02,2.502171e-02,9.158209e-02,4.277321e-02,2.590120e-02,4.506637e-02,4.004796e-02,4.269971e-02,2.321777e-01,1.375794e+00,2.443087e+00
15,6,1.702193e-02,1.557218e-03,6.620997e-04,8.403951e-03,1.467667e-03,6.174550e-04,5.178370e-02,6.971554e-02,6.331276e-02,2.158574e-01,5.179687e-02,2.579456e-02,7.885732e-02,3.006395e-02,2.566819e-02,3.893289e-02,2.833506e-02,2.393741e-02,2.398978e-01,1.345941e+00,2.454501e+00
20,8,1.493237e-02,1.252592e-03,6.646331e-04,7.685532e-03,1.248890e-03,4.705191e-04,1.459376e-02,2.367714e-03,6.840476e-04,2.217372e-01,5.436716e-02,2.605615e-02,6.734263e-02,2.303950e-02,2.550773e-02,3.466055e-02,2.297141e-02,1.805789e-02,6.581558e-02,4.355044e-02,2.625283e-02
25,12,1.140831e-02,9.712200e-04,6.273989e-04,7.153260e-03,1.096039e-03,4.315726e-04,1.584181e-02,2.084834e-03,4.645075e-04,2.340721e-01,5.742455e-02,2.597406e-02,4.873845e-02,1.691298e-02,2.415482e-02,3.056008e-02,1.908659e-02,1.661552e-02,6.767918e-02,3.630561e-02,1.788352e-02
30,20,6.269708e-03,8.108112e-04,5.249941e-04,7.539865e-03,1.062005e-03,4.340635e-04,1.717535e-02,1.688595e-03,3.373093e-04,2.541400e-01,5.984872e-02,2.534294e-02,2.467029e-02,1.354768e-02,2.071560e-02,2.966815e-02,1.774483e-02,1.712759e-02,6.758222e-02,2.821438e-02,1.330980e-02
35,30,2.227230e-03,7.163803e-04,4.319011e-04,8.285519e-03,1.072235e-03,4.352441e-04,1.741116e-02,1.437008e-03,3.109413e-04,2.707417e-01,6.075020e-02,2.472261e-02,8.226399e-03,1.179223e-02,1.746988e-02,3.060304e-02,1.764991e-02,1.760510e-02,6.430911e-02,2.365437e-02,1.257720e-02
