case,mu_t,absMa1,absMa2,absMa3,absMe1,absMe2,absMe3,absP11,absP12,absP13,totalEnergy1,totalEnergy2,totalEnergy3,absMa1Normalized,absMa2Normalized,absMa3Normalized,absMe1Normalized,absMe2Normalized,absMe3Normalized,absP11Normalized,absP12Normalized,absP13Normalized
3,2,2.429925e-02,3.509191e-03,8.439726e-04,1.068557e-02,2.663943e-03,2.087765e-03,3.559437e-02,5.160700e-02,4.794983e-02,1.847299e-01,2.914876e-02,1.442369e-02,1.315393e-01,1.203890e-01,5.851295e-02,5.784426e-02,9.139128e-02,1.447456e-01,1.926833e-01,1.770470e+00,3.324380e+00
8,4,2.294469e-02,2.630958e-03,5.772973e-04,8.348820e-03,1.664529e-03,9.406396e-04,9.242886e-03,1.908800e-03,1.133931e-03,1.535983e-01,2.153704e-02,9.239736e-03,1.493811e-01,1.221597e-01,6.247984e-02,5.435489e-02,7.728681e-02,1.018037e-01,6.017569e-02,8.862870e-02,1.227234e-01
13,6,2.130169e-02,1.803493e-03,3.339896e-04,6.541181e-03,1.098253e-03,4.470108e-04,2.186432e-02,4.081979e-02,3.798191e-02,1.318258e-01,1.533784e-02,5.547654e-03,1.615896e-01,1.175845e-01,6.020376e-02,4.961986e-02,7.160415e-02,8.057655e-02,1.658576e-01,2.661378e+00,6.846480e+00
18,8,1.955270e-02,1.189483e-03,1.747452e-04,5.151450e-03,7.457310e-04,2.212647e-04,1.734110e-02,3.675963e-02,3.440144e-02,1.152013e-01,1.080387e-02,3.252740e-03,1.697265e-01,1.100979e-01,5.372247e-02,4.471696e-02,6.902446e-02,6.802409e-02,1.505287e-01,3.402452e+00,1.057614e+01
23,12,1.623648e-02,4.930525e-04,4.387256e-05,3.233608e-03,3.541858e-04,5.766617e-05,1.118848e-02,3.042839e-02,2.884354e-02,9.057166e-02,5.373180e-03,1.095960e-03,1.792667e-01,9.176176e-02,4.003116e-02,3.570221e-02,6.591735e-02,5.261703e-02,1.235318e-01,5.663014e+00,2.631805e+01
28,20,1.113735e-02,7.188766e-05,7.313889e-06,1.258015e-03,8.248498e-05,4.642984e-06,1.601022e-03,2.028416e-04,3.323539e-05,5.919792e-02,1.391939e-03,1.270697e-04,1.881376e-01,5.164570e-02,5.755810e-02,2.125101e-02,5.925905e-02,3.653888e-02,2.704524e-02,1.457259e-01,2.615525e-01
33,30,7.262378e-03,1.309285e-05,1.172260e-06,2.954463e-04,1.290405e-05,3.519542e-07,2.925333e-03,1.587387e-02,1.562939e-02,3.674194e-02,2.791336e-04,9.211767e-06,1.976591e-01,4.690530e-02,1.272568e-01,8.041118e-03,4.622894e-02,3.820702e-02,7.961834e-02,5.686837e+01,1.696677e+03
