case,mu_t,absMa1,absMa2,absMa3,absMe1,absMe2,absMe3,absP11,absP12,absP13,totalEnergy1,totalEnergy2,totalEnergy3,absMa1Normalized,absMa2Normalized,absMa3Normalized,absMe1Normalized,absMe2Normalized,absMe3Normalized,absP11Normalized,absP12Normalized,absP13Normalized
4,2,2.292101e-02,3.141964e-03,7.051917e-04,1.108108e-02,2.773298e-03,2.172862e-03,4.269560e-02,5.849342e-02,5.447563e-02,2.029884e-01,3.732044e-02,1.952027e-02,1.129178e-01,8.418884e-02,3.612613e-02,5.458972e-02,7.431043e-02,1.113131e-01,2.103352e-01,1.567329e+00,2.790722e+00
9,4,2.088817e-02,2.438459e-03,5.193020e-04,9.056691e-03,1.804484e-03,1.020861e-03,1.132020e-02,2.271803e-03,1.308364e-03,1.860276e-01,3.497150e-02,1.689019e-02,1.122853e-01,6.972703e-02,3.074577e-02,4.868466e-02,5.159869e-02,6.044105e-02,6.085225e-02,6.496155e-02,7.746296e-02
14,6,1.906962e-02,1.887206e-03,3.893627e-04,7.548060e-03,1.256644e-03,5.231589e-04,3.749935e-02,5.619237e-02,5.133767e-02,1.737694e-01,3.063711e-02,1.338742e-02,1.097409e-01,6.159870e-02,2.908422e-02,4.343721e-02,4.101703e-02,3.907839e-02,2.157995e-01,1.834127e+00,3.834769e+00
19,8,1.740167e-02,1.446571e-03,2.877345e-04,6.406677e-03,9.178500e-04,2.909790e-04,9.877696e-03,1.243243e-03,5.070564e-04,1.631368e-01,2.579479e-02,1.008930e-02,1.066692e-01,5.607996e-02,2.851876e-02,3.927182e-02,3.558276e-02,2.884035e-02,6.054856e-02,4.819746e-02,5.025682e-02
24,12,1.447020e-02,8.385996e-04,1.460595e-04,4.967682e-03,5.132634e-04,1.116541e-04,8.500503e-03,7.488036e-04,3.959281e-04,1.444367e-01,1.729481e-02,5.340850e-03,1.001836e-01,4.848851e-02,2.734761e-02,3.439348e-02,2.967730e-02,2.090568e-02,5.885277e-02,4.329643e-02,7.413204e-02
29,20,1.011323e-02,2.823451e-04,3.400308e-05,3.582264e-03,1.647886e-04,1.882672e-05,5.897918e-03,7.131135e-04,2.948501e-04,1.137711e-01,7.314719e-03,1.361332e-03,8.889096e-02,3.859959e-02,2.497780e-02,3.148658e-02,2.252836e-02,1.382963e-02,5.184020e-02,9.749021e-02,2.165894e-01
34,30,6.725681e-03,7.285088e-05,6.681912e-06,2.548700e-03,3.340280e-05,1.223427e-06,1.134776e-02,3.308526e-02,3.104643e-02,8.479957e-02,2.507986e-03,2.427674e-04,7.931269e-02,2.904757e-02,2.752393e-02,3.005558e-02,1.331857e-02,5.039503e-03,1.338186e-01,1.319197e+01,1.278855e+02
